[{"email":"test1@gmail.com","username":"erekaone","firstname":"ereka","lastname":"one","password":"1234"},{"email":"test1@gmail.com","username":"erekaone","firstname":"ereka","lastname":"one","password":"1234"},{"email":"test1@gmail.com","username":"erekaone","firstname":"ereka","lastname":"one","password":"1234"},{"email":"test1@gmail.com","username":"erekaone","firstname":"ereka","lastname":"one","password":"1234"},{"email":"onetest","username":"erekaone","firstname":"ereka","lastname":"one","password":"1234"},{"email":"secondtest","username":"erekaone","firstname":"ereka","lastname":"one","password":"12345"},{"email":"","username":"","firstname":"","lastname":"","password":""},{"email":"","username":"","firstname":"","lastname":"","password":""},{"email":"secondtest","username":"erekaone","firstname":"ereka","lastname":"one","password":"12345"},{"email":"secondtest","username":"erekaone","firstname":"ereka","lastname":"one","password":"12345"},{"email":"secondtest","username":"erekaone","firstname":"ereka","lastname":"one","password":"12345"},{"email":"secondtest","username":"erekaone","firstname":"ereka","lastname":"one","password":"12345"},{"email":"erekaheng009@gmail.com","username":"erekaheng","firstname":"ereka","lastname":"heng","password":"12345"},{"email":"aa","username":"aa","firstname":"aa","lastname":"aa","password":"aa"},{"email":"ka","username":"ka","firstname":"ka","lastname":"ka","password":"ka"},{"email":"asd","username":"asd","firstname":"asd","lastname":"asd","password":"asd"},{"email":"ka","username":"ka","firstname":"ka","lastname":"ka","password":"ka"},{"email":"ka","username":"ka","firstname":"ka","lastname":"ka","password":"ka"}]